sd1;sd2;ratio_sd2_sd1
155.4473912644503;167.16242125404875;1.075363310341237
