sd1;sd2;ratio_sd2_sd1
105.0436645160443;468.7799433676538;4.462715057851515
