sd1;sd2;ratio_sd2_sd1
35.26931569174459;51.669803314117026;1.46500725349234
