sd1;sd2;ratio_sd2_sd1
43.09872305448033;84.81265875648981;1.9678694111024968
