sd1;sd2;ratio_sd2_sd1
258.3961125696492;324.8026434934645;1.256995085039895
