sd1;sd2;ratio_sd2_sd1
4.471254894771435;6.016155296922438;1.3455183026934046
