sd1;sd2;ratio_sd2_sd1
58.55226828452912;56.86205330860315;0.9711332280465629
115.73706340929714;192.35617728139906;1.6620101773374278
155.4473912644503;167.16242125404875;1.075363310341237
43.09872305448033;84.81265875648981;1.9678694111024968
4.471254894771435;6.016155296922438;1.3455183026934046
