mean_nni;sdnn;sdsd;nni_50;pnni_50;nni_20;pnni_20;rmssd;median_nni;range_nni;cvsd;cvnni;mean_hr;max_hr;min_hr;std_hr
680.4555808656037;89.75589529011883;75.24868329539756;239;54.441913439635535;356;81.09339407744875;75.25081349398722;672.0;672.0;0.11058886958978438;0.1319055906278862;89.67123787999617;153.0612244897959;56.390977443609025;11.665457554641062
