lf;hf;lf_hf_ratio;lfnu;hfnu;total_power;vlf
17.24495659713715;4.346497562884485;3.9675523447648744;79.86936159708787;20.130638402912137;67.0899589710343;45.49850481101268
