alpha1;alpha2
0.8626289080217666;0.5151478473882173
