alpha1;alpha2
1.3063469582581146;0.899852525123752
