lf;hf;lf_hf_ratio;lfnu;hfnu;total_power;vlf
9.581714984794445;21.061998100408704;0.4549290593948213;31.268126542475507;68.7318734575245;32.62737139543515;1.9836583102319996
