sd1;sd2;ratio_sd2_sd1
411.1293636707507;371.7699085549002;0.9042650353055999
