mean_nni;sdnn;sdsd;nni_50;pnni_50;nni_20;pnni_20;rmssd;median_nni;range_nni;cvsd;cvnni;mean_hr;max_hr;min_hr;std_hr
563.6075949367089;138.3263590572534;94.20345097428894;147;31.0126582278481;266;56.118143459915615;94.2046413229917;504.0;1263.9999999999998;0.16714579819239403;0.24543026087642938;111.09658996326087;170.45454545454544;37.128712871287135;19.701346771295388
