sd1;sd2;ratio_sd2_sd1
17.461382727034398;50.93863988217708;2.9172168480856833
