mean_nni;sdnn;sdsd;nni_50;pnni_50;nni_20;pnni_20;rmssd;median_nni;range_nni;cvsd;cvnni;mean_hr;max_hr;min_hr;std_hr
548.9140271493212;29.849461039269414;26.36967603269409;24;5.429864253393665;32;7.239819004524887;26.369775868692543;544.0;248.0;0.048039901632025823;0.054379118701496504;109.56044471319515;115.38461538461539;78.125;4.69245584651149
