sd1;sd2;ratio_sd2_sd1
15.651065324371096;11.68628770338046;0.746676821109623
