sd1;sd2;ratio_sd2_sd1
197.01526260325653;249.93662284412494;1.2686155353732156
