sd1;sd2;ratio_sd2_sd1
109.3372598852615;108.26893111568255;0.9902290511880392
