mean_nni;sdnn;sdsd;nni_50;pnni_50;nni_20;pnni_20;rmssd;median_nni;range_nni;cvsd;cvnni;mean_hr;max_hr;min_hr;std_hr
572.4128787878788;123.6723385278768;81.60344653236756;36;42.857142857142854;57;67.85714285714286;81.65296846280125;588.0;688.0;0.14264697998358578;0.21605443048339681;110.24480613015326;182.92682926829272;59.05511811023622;26.62307725912958
