sd1;sd2;ratio_sd2_sd1
81.69867351206545;46.01012453930679;0.563168562736969
