lf;hf;lf_hf_ratio;lfnu;hfnu;total_power;vlf
24126.4950969623;9311.47232030588;2.5910505092034413;72.15299541353937;27.847004586460628;40207.980594388464;6770.013177120286
