lf;hf;lf_hf_ratio;lfnu;hfnu;total_power;vlf
1981.6883172738321;1194.8793192683565;1.658484070581497;62.3845780734256;37.6154219265744;4243.085848757635;1066.5182122154465
