sd1;sd2;ratio_sd2_sd1
94.98803969050486;87.28883782120701;0.9189455652060637
