alpha1;alpha2
1.336093865517584;0.4848257739168055
