alpha1;alpha2
0.6490735646487451;1.0266255946147784
