sd1;sd2;ratio_sd2_sd1
110.43739694913245;287.0872246556111;2.599547187696245
