mean_nni;sdnn;sdsd;nni_50;pnni_50;nni_20;pnni_20;rmssd;median_nni;range_nni;cvsd;cvnni;mean_hr;max_hr;min_hr;std_hr
540.763963963964;9.204856597505936;9.720889498009525;3;0.5405405405405406;5;0.9009009009009009;9.723988722674477;544.0;176.0;0.017981946599020186;0.017021948966479836;110.98364264009517;120.96774193548387;89.28571428571429;1.744154810252081
