lf;hf;lf_hf_ratio;lfnu;hfnu;total_power;vlf
2928.5439110069306;2490.900905730085;1.1756966743518735;54.0377106887892;45.9622893112108;6472.184106312661;1052.7392895756461
