lf;hf;lf_hf_ratio;lfnu;hfnu;total_power;vlf
2193.555933598641;2423.492203500541;0.9051219271224493;47.50992124108148;52.49007875891852;5418.490731824931;801.4425947257486
