mean_nni;sdnn;sdsd;nni_50;pnni_50;nni_20;pnni_20;rmssd;median_nni;range_nni;cvsd;cvnni;mean_hr;max_hr;min_hr;std_hr
531.0691114245416;83.9160329382671;54.04936015655816;173;24.400564174894217;308;43.441466854724965;54.04936015655816;504.0;296.0;0.1017746259268892;0.15801339436438028;115.4192273858949;131.57894736842104;79.7872340425532;15.591804839329402
