mean_nni;sdnn;sdsd;nni_50;pnni_50;nni_20;pnni_20;rmssd;median_nni;range_nni;cvsd;cvnni;mean_hr;max_hr;min_hr;std_hr
778.425;237.6035830079754;166.36412555617804;62;77.5;73;91.25;166.54675855389718;804.0;952.0;0.21395350682968453;0.30523632078617136;86.14398634365634;178.57142857142858;46.58385093167702;31.94448939246334
