mean_nni;sdnn;sdsd;nni_50;pnni_50;nni_20;pnni_20;rmssd;median_nni;range_nni;cvsd;cvnni;mean_hr;max_hr;min_hr;std_hr
602.7993975903614;107.16051161183297;15.93245376047393;10;2.0080321285140563;39;7.831325301204819;15.941850654185297;648.0;368.0;0.02644636129019284;0.17777143115968244;104.5770275738098;197.3684210526316;89.28571428571429;28.49813468598051
