lf;hf;lf_hf_ratio;lfnu;hfnu;total_power;vlf
3923.596019223635;10167.599954425;0.38589205287488343;27.844308081166353;72.15569191883365;15422.92998079205;1331.734007143416
