sd1;sd2;ratio_sd2_sd1
183.07844803590314;172.89109017897246;0.9443552315074637
