lf;hf;lf_hf_ratio;lfnu;hfnu;total_power;vlf
32.950076885277234;173.07002106385397;0.1903858142660094;15.993622570460575;84.00637742953943;248.62511643152146;42.60501848239024
