sd1;sd2;ratio_sd2_sd1
105.75383347021186;115.6827127689865;1.0938867081501245
