lf;hf;lf_hf_ratio;lfnu;hfnu;total_power;vlf
7068.827357960799;1265.7666685557433;5.584621189327434;84.81309750026573;15.186902499734261;9063.034020612304;728.439994095761
