sd1;sd2;ratio_sd2_sd1
107.62518430822011;115.04414126822178;1.0689332799538354
