mean_nni;sdnn;sdsd;nni_50;pnni_50;nni_20;pnni_20;rmssd;median_nni;range_nni;cvsd;cvnni;mean_hr;max_hr;min_hr;std_hr
833.0429799426934;57.63909600952788;73.94207400279349;165;47.277936962750715;203;58.16618911174785;73.94250640107869;840.0;232.0;0.08876193447565615;0.06919102302919951;72.37343460891982;82.41758241758242;62.5;5.0510073417537615
