sd1;sd2;ratio_sd2_sd1
258.1901387415325;280.82420513621304;1.0876643333668872
