mean_nni;sdnn;sdsd;nni_50;pnni_50;nni_20;pnni_20;rmssd;median_nni;range_nni;cvsd;cvnni;mean_hr;max_hr;min_hr;std_hr
783.0458768873403;220.24563952600968;179.19199016162042;196;68.29268292682927;248;86.41114982578397;179.19202509328326;728.0;1472.0;0.22883975304944268;0.2812678618544048;81.38440512329645;163.04347826086956;32.608695652173914;18.6926047699188
