lf;hf;lf_hf_ratio;lfnu;hfnu;total_power;vlf
686.0720785033911;447.1517101188322;1.5343161235390668;60.54162341028152;39.45837658971848;1209.3128431952262;76.08905457300288
