alpha1;alpha2
0.3145332561450271;1.0303130306346433
