lf;hf;lf_hf_ratio;lfnu;hfnu;total_power;vlf
3219.7521154599362;3590.7888369501384;0.8966698577003084;47.276011376461206;52.7239886235388;8118.080524057057;1307.539571646983
