lf;hf;lf_hf_ratio;lfnu;hfnu;total_power;vlf
3084.1509635145258;1914.4940646723812;1.6109483024395286;61.6997395518841;38.300260448115885;6928.144140929184;1929.4991127422775
