lf;hf;lf_hf_ratio;lfnu;hfnu;total_power;vlf
10.963859212517235;5.027060407972311;2.1809682643021113;68.56303122472694;31.436968775273055;39.17326621413733;23.182346593647782
