alpha1;alpha2
1.1440618925153696;0.6369022793012238
