lf;hf;lf_hf_ratio;lfnu;hfnu;total_power;vlf
198.7281334310525;67.87377748997758;2.927907371302521;74.54115116598605;25.458848834013953;889.5830531386358;622.9811422176058
