alpha1;alpha2
1.4030763260442143;0.9971298893496303
