sd1;sd2;ratio_sd2_sd1
7.462904870925789;9.968931148360262;1.3357976981855317
