alpha1;alpha2
1.1785665879588818;1.109542413294034
