lf;hf;lf_hf_ratio;lfnu;hfnu;total_power;vlf
645.3753220768017;932.5555581748299;0.69205026598084;40.90010089503313;59.099899104966866;1730.369283564231;152.4384033125993
