sd1;sd2;ratio_sd2_sd1
23.109955627387865;30.72232792366912;1.3293979624634047
