sd1;sd2;ratio_sd2_sd1
26.65698169719346;41.55811965059996;1.558995692861032
