alpha1;alpha2
1.3579143414009647;0.46582153717544905
