sd1;sd2;ratio_sd2_sd1
23.399423482018804;18.07055043002563;0.7722647715620803
