mean_nni;sdnn;sdsd;nni_50;pnni_50;nni_20;pnni_20;rmssd;median_nni;range_nni;cvsd;cvnni;mean_hr;max_hr;min_hr;std_hr
1019.3636363636364;34.476575933325265;30.343710526913256;16;7.2727272727272725;24;10.909090909090908;30.38625019500172;1024.0;464.0000000000002;0.02980903880718977;0.03382166550134468;58.943901977421795;88.23529411764706;52.44755244755244;2.5234445174342084
