alpha1;alpha2
0.9178750958643329;0.4537560129045797
