sd1;sd2;ratio_sd2_sd1
26.525140762214257;38.26222435359102;1.4424890218903774
