sd1;sd2;ratio_sd2_sd1
170.86256021230815;161.39046992218718;0.9445631021895536
