alpha1;alpha2
0.6979315112392523;1.06460344403156
