alpha1;alpha2
1.0037773852531853;0.5826396848285655
