alpha1;alpha2
1.1052931371658579;0.8054156895367379
