mean_nni;sdnn;sdsd;nni_50;pnni_50;nni_20;pnni_20;rmssd;median_nni;range_nni;cvsd;cvnni;mean_hr;max_hr;min_hr;std_hr
798.72;38.07653424214248;24.661088637815574;13;3.466666666666667;128;34.13333333333333;24.661125744674607;800.0;160.0;0.0308758084744023;0.04767194291133624;75.28920590958774;82.41758241758242;67.56756756756756;3.554081361848365
