lf;hf;lf_hf_ratio;lfnu;hfnu;total_power;vlf
120889.93530115469;11450.767800254716;10.557365009049049;91.34750871658868;8.65249128341133;161119.1821134136;28778.479012004205
