lf;hf;lf_hf_ratio;lfnu;hfnu;total_power;vlf
4426.054374109629;2609.336530217691;1.6962374622258378;62.91127862401017;37.08872137598983;9602.179517113902;2566.788612786583
