sd1;sd2;ratio_sd2_sd1
25.792096411881296;44.91543358274521;1.7414417527554924
