sd1;sd2;ratio_sd2_sd1
3675.9210249499306;3667.259191602798;0.9976436290963976
