mean_nni;sdnn;sdsd;nni_50;pnni_50;nni_20;pnni_20;rmssd;median_nni;range_nni;cvsd;cvnni;mean_hr;max_hr;min_hr;std_hr
731.921028466483;163.3900074799698;108.00556987633132;97;26.72176308539945;123;33.88429752066116;108.02229040371178;744.0000000000001;1192.0;0.1475873573820382;0.22323447629630708;86.6243446461326;197.3684210526316;40.106951871657756;23.895329822557
