sd1;sd2;ratio_sd2_sd1
145.2887328636883;123.95126585175983;0.8531374966842918
