sd1;sd2;ratio_sd2_sd1
81.65138275605823;198.551650291736;2.4316997898851165
