alpha1;alpha2
1.3303755850157848;0.8943508881493369
