alpha1;alpha2
1.3895684886213444;0.368021449771397
