sd1;sd2;ratio_sd2_sd1
62.59629821292683;62.56995036064488;0.9995790829005203
