sd1;sd2;ratio_sd2_sd1
232.08679567501486;334.6980264083716;1.442124380385003
