alpha1;alpha2
1.0508668832079227;1.020167755633388
