mean_nni;sdnn;sdsd;nni_50;pnni_50;nni_20;pnni_20;rmssd;median_nni;range_nni;cvsd;cvnni;mean_hr;max_hr;min_hr;std_hr
682.8428246013667;44.46342077975111;29.027870972866864;20;4.555808656036446;139;31.662870159453302;29.03375456446496;688.0;351.9999999999999;0.04251894216127178;0.06511516146590277;88.32632212127872;141.50943396226415;77.31958762886599;7.137313813746279
