sd1;sd2;ratio_sd2_sd1
97.67396623426089;108.82946151771539;1.114211552100784
