lf;hf;lf_hf_ratio;lfnu;hfnu;total_power;vlf
81156.80861362729;11769.730226674881;6.895383925597016;87.33437145775802;12.665628542241969;142847.76134221622;49921.22250191407
