sd1;sd2;ratio_sd2_sd1
28.253194876626154;52.54338231815152;1.8597324142488616
