mean_nni;sdnn;sdsd;nni_50;pnni_50;nni_20;pnni_20;rmssd;median_nni;range_nni;cvsd;cvnni;mean_hr;max_hr;min_hr;std_hr
909.1655555555557;432.33963309797224;257.9064442771921;54;77.14285714285714;61;87.14285714285714;258.5317995172028;792.6666666666667;1648.0;0.28436163021950833;0.47553454973751874;83.50270046592004;178.57142857142858;30.241935483870968;40.284768726119445
