mean_nni;sdnn;sdsd;nni_50;pnni_50;nni_20;pnni_20;rmssd;median_nni;range_nni;cvsd;cvnni;mean_hr;max_hr;min_hr;std_hr
1013.8026315789474;197.73418150395614;138.29554082900168;173;56.9078947368421;250;82.23684210526316;138.2955811541955;1040.0;1328.0;0.13641272654698774;0.19504208742878773;63.1049555413112;192.30769230769232;36.58536585365854;22.10333528307316
