lf;hf;lf_hf_ratio;lfnu;hfnu;total_power;vlf
36.94909863210004;22.931651893252884;1.6112706927568297;61.704468143658545;38.295531856341455;651.1591309039611;591.2783803786082
