sd1;sd2;ratio_sd2_sd1
66.16331754885444;109.69707039596761;1.6579741533511863
