sd1;sd2;ratio_sd2_sd1
61.260980879697435;62.288942781032524;1.0167800431297986
