alpha1;alpha2
1.6620318166965253;0.7675386330866872
