alpha1;alpha2
1.1553360026461479;0.6119557172412142
