sd1;sd2;ratio_sd2_sd1
63.841295066053874;147.5799175016939;2.3116686049209876
