alpha1;alpha2
1.02766523302519;1.180142309527602
