mean_nni;sdnn;sdsd;nni_50;pnni_50;nni_20;pnni_20;rmssd;median_nni;range_nni;cvsd;cvnni;mean_hr;max_hr;min_hr;std_hr
652.8777777777777;125.51871895625149;99.75702077914127;191;53.05555555555556;280;77.77777777777777;99.75703073497374;640.0;848.0;0.15279587409839576;0.19225454323699578;95.08782573201997;136.36363636363637;46.58385093167702;17.056645139522626
