lf;hf;lf_hf_ratio;lfnu;hfnu;total_power;vlf
9925.656310749058;5238.905406755846;1.8946049871313573;65.45297184086486;34.54702815913514;20451.442506502066;5286.880788997162
