lf;hf;lf_hf_ratio;lfnu;hfnu;total_power;vlf
199.56700650768403;262.4612978703258;0.760367368930272;43.193675499241216;56.806324500758784;1093.188137972521;631.1598335945112
