alpha1;alpha2
2.141191014449508;0.3302866344207359
