lf;hf;lf_hf_ratio;lfnu;hfnu;total_power;vlf
1876.9887024443947;1159.8912509477486;1.6182454181895973;61.806483339844576;38.19351666015543;5717.948680719229;2681.0687273270855
