alpha1;alpha2
1.0985635052177156;0.9086538308355184
