sd1;sd2;ratio_sd2_sd1
21.15620794830144;41.622616214739224;1.9673949280726826
