lf;hf;lf_hf_ratio;lfnu;hfnu;total_power;vlf
36.407384372828;33.985391688495135;1.0712656987017386;51.72034178778724;48.27965821221276;97.29308783108849;26.90031176976536
