alpha1;alpha2
1.1766714153152351;1.093328030596394
