mean_nni;sdnn;sdsd;nni_50;pnni_50;nni_20;pnni_20;rmssd;median_nni;range_nni;cvsd;cvnni;mean_hr;max_hr;min_hr;std_hr
699.85898992891;70.42576508991614;36.68124408660819;54;12.796208530805687;189;44.78672985781991;36.69165756335002;712.0000000000001;464.0;0.05242721475518529;0.10062850674686599;87.40573039090388;197.3684210526316;78.125;16.99291295288786
