lf;hf;lf_hf_ratio;lfnu;hfnu;total_power;vlf
269.755502935822;330.5353084729262;0.81611705624459;44.93746994107177;55.062530058928246;667.7989041092419;67.50809270049365
