mean_nni;sdnn;sdsd;nni_50;pnni_50;nni_20;pnni_20;rmssd;median_nni;range_nni;cvsd;cvnni;mean_hr;max_hr;min_hr;std_hr
551.5322580645161;82.35387603825473;64.98994660734512;115;46.37096774193548;190;76.61290322580645;64.99131053721051;552.0;512.0;0.11783773222129118;0.14931833058551816;111.30947707359401;174.41860465116278;70.09345794392523;17.388528632446373
