alpha1;alpha2
0.9156114967417837;1.0603852194007568
1.2724045441076979;0.6313705478357063
1.1094442053206957;0.4786258004986073
1.4650505705272567;0.9192147448569346
0.3790329590484356;1.0279113906540924
