alpha1;alpha2
0.9814616575098245;1.0583223176714547
