alpha1;alpha2
1.4650505705272567;0.9192147448569346
