alpha1;alpha2
0.7339092042112357;0.6754116244005223
