alpha1;alpha2
1.2724045441076979;0.6313705478357063
