alpha1;alpha2
0.3790329590484356;1.0279113906540924
