alpha1;alpha2
0.7339092042112357;0.6754116244005223
1.0484674968294665;0.4119913291056572
0.9814616575098245;1.0583223176714547
1.3967098271359608;1.702699266096582
1.0392021480392526;0.6408975790449376
