lf;hf;lf_hf_ratio;lfnu;hfnu;total_power;vlf
28.911237646361794;28.701828136437932;1.0072960338598784;50.1817378636934;49.81826213630661;93.16218563605801;35.54911985325828
69.18092100594224;86.95155374791725;0.7956260471952674;44.309117059090326;55.69088294090968;168.71979531041288;12.587320556553388
381.16797134346217;357.39028445129406;1.06653143055826;51.60973672053677;48.390263279463234;949.9426690279631;211.3844132332069
1783.6671660890054;1030.6887640978964;1.7305584655811674;63.3774551028644;36.6225448971356;5508.468830986363;2694.112900799461
7330.779001908764;5326.054932437966;1.3763994353984532;57.91953216685018;42.08046783314982;18274.041394943168;5617.207460596438
