sd1;sd2;ratio_sd2_sd1
19.32291339849356;33.07726853862207;1.7118158041944553
35.26931569174459;51.669803314117026;1.46500725349234
55.42586352829867;82.36224757060015;1.4859894339498856
105.0436645160443;468.7799433676538;4.462715057851515
258.3961125696492;324.8026434934645;1.256995085039895
