mean_nni;sdnn;sdsd;nni_50;pnni_50;nni_20;pnni_20;rmssd;median_nni;range_nni;cvsd;cvnni;mean_hr;max_hr;min_hr;std_hr
670.6202247191011;15.996960436052571;12.070572718507595;5;1.1235955056179776;9;2.0224719101123596;12.077079773515445;672.0;200.0;0.01800882127969538;0.023853978520783695;89.52737598722696;120.96774193548387;86.20689655172414;2.4526975171119023
686.3921568627451;16.85180662297167;17.433335374104686;3;1.4705882352941178;7;3.4313725490196076;17.433335374104686;688.0;223.9999999999999;0.02539850608693764;0.024551280859611356;87.46892745705672;108.69565217391305;77.31958762886599;2.277065712242559
755.6114285714285;52.73611536018601;33.741404003857426;30;8.571428571428571;45;12.857142857142858;33.75149365261092;760.0;712.0;0.04466779137581607;0.06979263860512246;79.9063589581231;166.66666666666666;55.97014925373134;7.6125334262499535
733.0110576923076;290.3506829697387;46.73803524174996;52;12.5;130;31.25;46.75431573834274;968.0;688.0;0.06378391601013005;0.3961068252965125;101.00226836811316;197.3684210526316;60.483870967741936;48.973525324296524
860.2755775577558;176.09817019433504;124.90992923199411;165;54.45544554455446;231;76.23762376237623;124.90999040398086;895.9999999999999;1456.0;0.1451976478962578;0.2046997204015273;74.003473137065;192.30769230769232;33.93665158371041;22.925544965906827
