mean_nni;sdnn;sdsd;nni_50;pnni_50;nni_20;pnni_20;rmssd;median_nni;range_nni;cvsd;cvnni;mean_hr;max_hr;min_hr;std_hr;lf;hf;lf_hf_ratio;lfnu;hfnu;total_power;vlf;alpha1;alpha2;sd1;sd2;ratio_sd2_sd1;sampen
726.6121975587844;83.66258854699294;29.140791291199942;23;6.020942408376963;27;7.0680628272251305;29.14127543575602;752.0;584.0;0.040105678838949624;0.11514063324022918;84.50821931595874;182.92682926829272;65.78947368421052;17.1194105142844;499.3984803593159;166.39616345485558;3.0012619881996625;75.00788493857304;24.99211506142697;1100.2876018294105;434.49295801523897;1.2846754979187687;0.8360565629348519;48.66856623633824;327.2358455075092;6.723761779182628;0.03991277252216543
