mean_nni;sdnn;sdsd;nni_50;pnni_50;nni_20;pnni_20;rmssd;median_nni;range_nni;cvsd;cvnni;mean_hr;max_hr;min_hr;std_hr
686.3921568627451;16.85180662297167;17.433335374104686;3;1.4705882352941178;7;3.4313725490196076;17.433335374104686;688.0;223.9999999999999;0.02539850608693764;0.024551280859611356;87.46892745705672;108.69565217391305;77.31958762886599;2.277065712242559
