mean_nni;sdnn;sdsd;nni_50;pnni_50;nni_20;pnni_20;rmssd;median_nni;range_nni;cvsd;cvnni;mean_hr;max_hr;min_hr;std_hr;lf;hf;lf_hf_ratio;lfnu;hfnu;total_power;vlf;alpha1;alpha2;sd1;sd2;ratio_sd2_sd1;sampen
463.66610455311974;23.56596150649358;20.846450703641903;33;5.564924114671164;44;7.419898819561552;20.846608383165865;463.99999999999994;344.00000000000006;0.04496038890584373;0.05082528413243922;129.71098432773928;182.92682926829272;89.28571428571429;6.23943399374115;149.47296499484528;312.31092525444353;0.4786030615902016;32.36859668581206;67.63140331418795;508.2672396961933;46.483349446904484;1.019878051471411;0.5269776579756248;90.65908374456743;90.73926184009467;1.0008843911962881;0.12202191342191347
