mean_nni;sdnn;sdsd;nni_50;pnni_50;nni_20;pnni_20;rmssd;median_nni;range_nni;cvsd;cvnni;mean_hr;max_hr;min_hr;std_hr;lf;hf;lf_hf_ratio;lfnu;hfnu;total_power;vlf;alpha1;alpha2;sd1;sd2;ratio_sd2_sd1;sampen
676.6666666666666;57.45480437225895;41.19724374957605;18;4.081632653061225;26;5.895691609977324;41.197307943823;672.0;1064.0;0.060882721099245814;0.08490857789003786;89.24780913984266;197.3684210526316;43.85964912280702;7.740381407210504;625.4378023309628;413.70803493958033;1.5117854851968353;60.18768298911341;39.812317010886595;1357.8177004355903;318.6718631650473;1.1490341361506957;0.8141717775894662;57.505130452152;77.68401780248529;1.3509058616452219;0.35448859930730875
