mean_nni;sdnn;sdsd;nni_50;pnni_50;nni_20;pnni_20;rmssd;median_nni;range_nni;cvsd;cvnni;mean_hr;max_hr;min_hr;std_hr;lf;hf;lf_hf_ratio;lfnu;hfnu;total_power;vlf;alpha1;alpha2;sd1;sd2;ratio_sd2_sd1;sampen
598.6599496221662;90.3225294500773;52.583347825367866;12;3.022670025188917;20;5.037783375314861;52.58336334821215;592.0000000000001;1424.0;0.08783511137065245;0.1508745148344779;101.48696788960032;192.30769230769232;34.56221198156682;10.083199665021692;9333.12947434604;1323.585566632674;7.05139864745609;87.57979769991941;12.420202300080605;14028.574781099394;3371.8597401206803;1.6970396342299976;0.6592787841426235;87.19316603514743;147.21295847537573;1.6883543191450854;0.11331771143031656
