mean_nni;sdnn;sdsd;nni_50;pnni_50;nni_20;pnni_20;rmssd;median_nni;range_nni;cvsd;cvnni;mean_hr;max_hr;min_hr;std_hr;lf;hf;lf_hf_ratio;lfnu;hfnu;total_power;vlf;alpha1;alpha2;sd1;sd2;ratio_sd2_sd1;sampen
759.5419847328244;109.42445029237182;49.24593259342029;74;18.829516539440203;216;54.961832061068705;49.25375084995167;744.0000000000001;788.0;0.06484664684767506;0.14406636169146442;81.26230706847868;189.873417721519;54.34782608695652;17.077965300930384;857.2652036286286;687.1371581567279;1.2475896456076918;55.50789255706751;44.49210744293251;3033.5138040907746;1489.111442305418;1.191619551528239;0.9372034909550091;46.354980567183084;188.48725298936793;4.066170467188312;0.7073281911225229
