mean_nni;sdnn;sdsd;nni_50;pnni_50;nni_20;pnni_20;rmssd;median_nni;range_nni;cvsd;cvnni;mean_hr;max_hr;min_hr;std_hr;lf;hf;lf_hf_ratio;lfnu;hfnu;total_power;vlf;alpha1;alpha2;sd1;sd2;ratio_sd2_sd1;sampen
618.6529562982005;75.41073355162696;61.07367199181946;27;6.940874035989717;54;13.881748071979434;61.07389473872369;616.0;1384.0;0.09872076762417524;0.1218950508260043;97.88388332650598;192.30769230769232;35.37735849056604;8.952412342593872;330.2468191447299;251.87016448680288;1.3111787964947061;56.732036417231356;43.26796358276864;989.5353171029828;407.41833347145;1.4644815822159372;0.41327299237255977;116.35411164211308;105.50714955916294;0.90677628895218;0.19010198738874262
