alpha1;alpha2
1.0484674968294665;0.4119913291056572
