mean_nni;sdnn;sdsd;nni_50;pnni_50;nni_20;pnni_20;rmssd;median_nni;range_nni;cvsd;cvnni;mean_hr;max_hr;min_hr;std_hr;lf;hf;lf_hf_ratio;lfnu;hfnu;total_power;vlf;alpha1;alpha2;sd1;sd2;ratio_sd2_sd1;sampen
702.2418879056047;12.291355165720478;8.87857942736432;2;0.5899705014749262;2;0.5899705014749262;8.891189708799956;704.0000000000001;176.0;0.012661149757553496;0.017503021932198784;85.47089916039755;110.29411764705883;83.33333333333333;1.742713106441635;2.8351771211088894;7.333949765055186;0.3865825662752621;27.88024137024368;72.11975862975632;15.975047170855182;5.8059202846911075;0.5238829891540819;1.1115284262590759;38.226334009458924;39.2549738278588;1.0269091934932955;0.9060842975891258
