mean_nni;sdnn;sdsd;nni_50;pnni_50;nni_20;pnni_20;rmssd;median_nni;range_nni;cvsd;cvnni;mean_hr;max_hr;min_hr;std_hr;lf;hf;lf_hf_ratio;lfnu;hfnu;total_power;vlf;alpha1;alpha2;sd1;sd2;ratio_sd2_sd1;sampen
588.221686746988;52.71369219637435;44.70493292201548;96;23.132530120481928;160;38.55421686746988;44.70493709833606;576.0000000000001;512.0;0.07600015114295677;0.08961534976361406;102.69642958228876;129.31034482758622;61.47540983606557;7.886411081331766;1358.6398662019917;1143.918629010093;1.1877067404503334;54.290034330919845;45.70996566908016;2956.0899213655734;453.53142615348895;1.0548893794873786;0.4300542956892616;89.6999250410127;69.97864987824688;0.7801416762193633;0.3859688005739188
