mean_nni;sdnn;sdsd;nni_50;pnni_50;nni_20;pnni_20;rmssd;median_nni;range_nni;cvsd;cvnni;mean_hr;max_hr;min_hr;std_hr;lf;hf;lf_hf_ratio;lfnu;hfnu;total_power;vlf;alpha1;alpha2;sd1;sd2;ratio_sd2_sd1;sampen
744.7950310559006;22.231048987746945;11.978183018764271;1;0.3105590062111801;2;0.6211180124223602;11.989611287118498;744.0000000000001;216.0;0.016097866912619906;0.02984854632586612;80.62830124339315;86.20689655172414;65.78947368421052;2.32983985321385;39.98877819875818;6.270648257735713;6.377136231397844;86.44460440158474;13.555395598415249;128.36512490865616;82.10569845216226;1.2952885433050854;1.271509111074996;8.483078263368188;30.2733622409006;3.56867652295838;1.1255866644491657
