mean_nni;sdnn;sdsd;nni_50;pnni_50;nni_20;pnni_20;rmssd;median_nni;range_nni;cvsd;cvnni;mean_hr;max_hr;min_hr;std_hr;lf;hf;lf_hf_ratio;lfnu;hfnu;total_power;vlf;alpha1;alpha2;sd1;sd2;ratio_sd2_sd1;sampen
760.6372549019608;140.92919366072152;114.84631260391988;256;62.745098039215684;355;87.00980392156863;114.84642025635908;746.0;1383.9999999999998;0.15098710918539185;0.1852777953650009;81.47952608641108;147.05882352941177;33.48214285714286;15.057579386836391;13373.064946252458;5307.836058816155;2.5194947240392254;71.58683054218852;28.41316945781149;21615.286554397648;2934.385549329034;1.1823264967757623;0.5211416682464327;184.4527755439532;158.98315652133414;0.8619179410691495;1.766738201164255
