mean_nni;sdnn;sdsd;nni_50;pnni_50;nni_20;pnni_20;rmssd;median_nni;range_nni;cvsd;cvnni;mean_hr;max_hr;min_hr;std_hr;lf;hf;lf_hf_ratio;lfnu;hfnu;total_power;vlf;alpha1;alpha2;sd1;sd2;ratio_sd2_sd1;sampen
493.94103744628603;146.83642688041544;101.54772888359979;144;39.77900552486188;221;61.049723756906076;101.54990510569581;477.20000000000005;1112.0;0.20559114834984515;0.29727521252247296;130.654057806288;197.3684210526316;42.3728813559322;33.68342175565242;12507.552519574723;6357.189287576113;1.9674658019100195;66.30121232209831;33.698787677901684;21968.570977229472;3103.8291700786344;1.0379322989263768;0.8798007834056213;400.42036381191036;400.63542398932725;1.0005370860147311;0.6190392084062235
