mean_nni;sdnn;sdsd;nni_50;pnni_50;nni_20;pnni_20;rmssd;median_nni;range_nni;cvsd;cvnni;mean_hr;max_hr;min_hr;std_hr;lf;hf;lf_hf_ratio;lfnu;hfnu;total_power;vlf;alpha1;alpha2;sd1;sd2;ratio_sd2_sd1;sampen
858.1060606060606;74.00742513110585;51.69425359824423;39;14.772727272727273;103;39.015151515151516;51.69433414320669;856.0;672.0;0.060242359909095815;0.08624507916752866;70.84672772816674;182.92682926829272;60.0;11.342288728022467;1129.709670579563;975.9607555118473;1.1575359605387834;53.65083047096567;46.349169529034334;2450.693131450147;345.0227053587366;1.310562896838777;0.6912460298908661;112.55248582450568;150.35898566088076;1.3359010648180958;0.4606594500597275
