alpha1;alpha2
0.9156114967417837;1.0603852194007568
