mean_nni;sdnn;sdsd;nni_50;pnni_50;nni_20;pnni_20;rmssd;median_nni;range_nni;cvsd;cvnni;mean_hr;max_hr;min_hr;std_hr;lf;hf;lf_hf_ratio;lfnu;hfnu;total_power;vlf;alpha1;alpha2;sd1;sd2;ratio_sd2_sd1;sampen
1033.393103448276;45.4049517217485;36.07753636827672;16;5.517241379310345;81;27.93103448275862;36.077578847557525;1032.0;408.0;0.0349117666134718;0.04393773441127009;58.17307914058721;73.52941176470588;49.01960784313726;2.5655533451075225;668.5390693004554;214.27582652651705;3.1199929555176507;75.72811383910835;24.27188616089166;1180.7735173952515;297.9586215682791;1.1678608134835873;0.778574107933641;68.53221964008328;78.89929932454865;1.1512730762101546;0.947871308468214
