mean_nni;sdnn;sdsd;nni_50;pnni_50;nni_20;pnni_20;rmssd;median_nni;range_nni;cvsd;cvnni;mean_hr;max_hr;min_hr;std_hr;lf;hf;lf_hf_ratio;lfnu;hfnu;total_power;vlf;alpha1;alpha2;sd1;sd2;ratio_sd2_sd1;sampen
543.8908241170055;103.6246820444566;60.04120858423682;8;1.5904572564612327;15;2.982107355864811;60.098064444639114;544.0;1536.0;0.11049655883091421;0.19052478447800428;112.2128574702531;197.3684210526316;32.608695652173914;13.34013350730277;248.18391391027387;69.49758068120812;3.5711158788205393;78.12350361465734;21.87649638534267;1096.7169683210677;779.0354737295856;0.9728030315808399;0.3767178102403327;49.22483946171182;200.90509797836654;4.081376398081197;0.03563083421098687
