sd1;sd2;ratio_sd2_sd1
19.32291339849356;33.07726853862207;1.7118158041944553
