mean_nni;sdnn;sdsd;nni_50;pnni_50;nni_20;pnni_20;rmssd;median_nni;range_nni;cvsd;cvnni;mean_hr;max_hr;min_hr;std_hr;lf;hf;lf_hf_ratio;lfnu;hfnu;total_power;vlf;alpha1;alpha2;sd1;sd2;ratio_sd2_sd1;sampen
687.3853211009174;24.21718142122677;19.932709630117355;7;1.6055045871559632;9;2.0642201834862384;19.936450761495067;688.0;408.0;0.02900331175179129;0.03523086786671629;87.48256002404518;192.30769230769232;83.33333333333333;5.7129513524926345;66.17753335337551;105.14488199005842;0.6293937669703474;38.62748095204917;61.372519047950824;190.51989122152756;19.197475878093634;0.9264720016869916;0.6233986229856516;19.32689672228916;30.15608223414893;1.5603168303461143;0.4660789064631646
