sd1;sd2;ratio_sd2_sd1
115.73706340929714;192.35617728139906;1.6620101773374278
