mean_nni;sdnn;sdsd;nni_50;pnni_50;nni_20;pnni_20;rmssd;median_nni;range_nni;cvsd;cvnni;mean_hr;max_hr;min_hr;std_hr
794.4436860068259;18.811458255788953;19.97243362011944;1;0.3412969283276451;117;39.93174061433447;19.97395564502909;792.0;95.99999999999989;0.025142066073211226;0.023678781249231708;75.56685136573464;80.64516129032256;71.42857142857143;1.7904736274172073
