mean_nni;sdnn;sdsd;nni_50;pnni_50;nni_20;pnni_20;rmssd;median_nni;range_nni;cvsd;cvnni;mean_hr;max_hr;min_hr;std_hr;lf;hf;lf_hf_ratio;lfnu;hfnu;total_power;vlf;alpha1;alpha2;sd1;sd2;ratio_sd2_sd1;sampen
613.1456077015644;79.61645210769896;56.54040321104104;44;15.884476534296029;93;33.57400722021661;56.54041064076853;600.0;944.0;0.09221367637732207;0.12984917629296724;99.06726700592371;156.25;45.18072289156626;9.910826158013707;5162.214753977497;1677.7208894815692;3.0769210697332783;75.4716860371932;24.5283139628068;7512.343667771675;672.4080243126089;1.0932336817784303;0.7381617937133882;203.7487212145746;212.48203020000864;1.042863135205824;0.23200204404713204
