alpha1;alpha2
1.1094442053206957;0.4786258004986073
