mean_nni;sdnn;sdsd;nni_50;pnni_50;nni_20;pnni_20;rmssd;median_nni;range_nni;cvsd;cvnni;mean_hr;max_hr;min_hr;std_hr;lf;hf;lf_hf_ratio;lfnu;hfnu;total_power;vlf;alpha1;alpha2;sd1;sd2;ratio_sd2_sd1;sampen
579.6564885496183;49.698704514212324;31.582499907340374;49;9.351145038167939;82;15.648854961832061;31.58445939393515;576.0000000000001;648.0;0.054488235735899185;0.08573820097928248;104.23016290667714;187.5;61.98347107438016;8.93817881011806;660.0956617975895;399.99392106464086;1.6502642341179856;62.267913247042614;37.732086752957386;1356.554229397284;296.4646465350534;1.0662484848772853;0.7334860551651265;70.25034098016795;88.76355552150316;1.2635320239450738;0.49979932485864953
