lf;hf;lf_hf_ratio;lfnu;hfnu;total_power;vlf
381.16797134346217;357.39028445129406;1.06653143055826;51.60973672053677;48.390263279463234;949.9426690279631;211.3844132332069
