mean_nni;sdnn;sdsd;nni_50;pnni_50;nni_20;pnni_20;rmssd;median_nni;range_nni;cvsd;cvnni;mean_hr;max_hr;min_hr;std_hr;lf;hf;lf_hf_ratio;lfnu;hfnu;total_power;vlf;alpha1;alpha2;sd1;sd2;ratio_sd2_sd1;sampen
646.4763440860215;82.42026894092946;17.613812638379258;9;1.935483870967742;51;10.96774193548387;17.623853594411226;664.0;447.99999999999994;0.027261405240322542;0.12749154658930945;95.1705378200033;182.92682926829272;77.31958762886599;18.769833575540307;816.7884765903042;100.45342958613034;8.131016332199758;89.0483165989575;10.951683401042493;1654.0413334339742;736.7994272575395;1.9021592740592246;0.9300777945545657;34.86166747305429;143.5662636339581;4.118169727392561;0.19694275000126146
