alpha1;alpha2
1.3967098271359608;1.702699266096582
