mean_nni;sdnn;sdsd;nni_50;pnni_50;nni_20;pnni_20;rmssd;median_nni;range_nni;cvsd;cvnni;mean_hr;max_hr;min_hr;std_hr;lf;hf;lf_hf_ratio;lfnu;hfnu;total_power;vlf;alpha1;alpha2;sd1;sd2;ratio_sd2_sd1;sampen
579.7874396135265;21.08608521168537;9.898665194380053;2;0.4830917874396135;3;0.7246376811594203;9.90414103722428;584.0;232.0;0.017082365640459823;0.036368647837112314;103.64886595347322;159.5744680851064;98.6842105263158;4.538076140572911;20.75419503005105;3.633490913273742;5.71191604036563;85.10112471631088;14.898875283689113;65.98430717368886;41.596621230364065;0.7458992694950296;1.0044486688726428;8.681193789012454;27.66987122111029;3.187334817491493;0.9165815986592192
