mean_nni;sdnn;sdsd;nni_50;pnni_50;nni_20;pnni_20;rmssd;median_nni;range_nni;cvsd;cvnni;mean_hr;max_hr;min_hr;std_hr;lf;hf;lf_hf_ratio;lfnu;hfnu;total_power;vlf;alpha1;alpha2;sd1;sd2;ratio_sd2_sd1;sampen
622.258064516129;325.3835083024785;152.60566625361545;96;22.119815668202765;114;26.267281105990783;152.60969249953848;456.0;1400.0;0.2452514498437373;0.5229076597914377;112.75687066247767;141.50943396226415;32.89473684210526;32.98881296656986;33729.092956216286;10071.410876340906;3.3489938371445502;77.00617573979876;22.99382426020123;61349.37872196491;17548.87488940772;1.5605856038807118;1.1288751088062519;353.64301794556525;375.9776243123115;1.0631557961938445;0.6252150235405138
