mean_nni;sdnn;sdsd;nni_50;pnni_50;nni_20;pnni_20;rmssd;median_nni;range_nni;cvsd;cvnni;mean_hr;max_hr;min_hr;std_hr
755.6114285714285;52.73611536018601;33.741404003857426;30;8.571428571428571;45;12.857142857142858;33.75149365261092;760.0;712.0;0.04466779137581607;0.06979263860512246;79.9063589581231;166.66666666666666;55.97014925373134;7.6125334262499535
