lf;hf;lf_hf_ratio;lfnu;hfnu;total_power;vlf
980.428508590794;1657.3104040306082;0.5915780810923377;37.16927797135304;62.83072202864697;2951.5550874344417;313.81617481303954
