mean_nni;sdnn;sdsd;nni_50;pnni_50;nni_20;pnni_20;rmssd;median_nni;range_nni;cvsd;cvnni;mean_hr;max_hr;min_hr;std_hr;lf;hf;lf_hf_ratio;lfnu;hfnu;total_power;vlf;alpha1;alpha2;sd1;sd2;ratio_sd2_sd1;sampen
679.7245125919638;72.50527596860776;17.463876126443967;15;3.9473684210526314;20;5.2631578947368425;17.47693388223198;696.0;392.00000000000006;0.025711789936172742;0.1066686203387407;90.05099209319206;182.92682926829272;83.33333333333333;16.91144421937668;96.30051553514738;59.80875013196025;1.6101409128709894;61.68789221038401;38.31210778961598;462.2356821174145;306.12641645030686;1.4444114805583086;0.8407228865073377;254.48870974736718;393.754800126073;1.547238777378204;0.03685091978349807
