mean_nni;sdnn;sdsd;nni_50;pnni_50;nni_20;pnni_20;rmssd;median_nni;range_nni;cvsd;cvnni;mean_hr;max_hr;min_hr;std_hr;lf;hf;lf_hf_ratio;lfnu;hfnu;total_power;vlf;alpha1;alpha2;sd1;sd2;ratio_sd2_sd1;sampen
843.5451263537906;179.29975640320896;123.915855549073;191;68.95306859205776;220;79.42238267148015;123.91749631799298;848.0;1235.9999999999998;0.14690085028838262;0.21255502616466898;75.84866251677039;189.873417721519;38.659793814432994;24.316995268293514;9807.28868731728;5157.922374625883;1.9014029244727877;65.53391493593709;34.46608506406291;22129.472493642945;7164.261431699784;1.0786730267557514;0.8681741031058006;909.8273152792781;824.4590253499514;0.9061708870511078;0.5345421503833068
