mean_nni;sdnn;sdsd;nni_50;pnni_50;nni_20;pnni_20;rmssd;median_nni;range_nni;cvsd;cvnni;mean_hr;max_hr;min_hr;std_hr;lf;hf;lf_hf_ratio;lfnu;hfnu;total_power;vlf;alpha1;alpha2;sd1;sd2;ratio_sd2_sd1;sampen
536.7783783783784;15.32248389814255;13.323462919389739;7;1.2612612612612613;39;7.027027027027027;13.326592760676112;536.0;224.0;0.024826992474875943;0.028545270292801617;111.87748308013997;159.5744680851064;100.0;3.5321745604954127;33.97750538709163;18.32855786349108;1.8538013541573783;64.95901865968304;35.040981340316975;68.13972500296893;15.83366175238622;0.6811476558295735;0.9013736906235795;15.38657356673406;27.115629935320804;1.7622916380775697;1.4649732214420093
