mean_nni;sdnn;sdsd;nni_50;pnni_50;nni_20;pnni_20;rmssd;median_nni;range_nni;cvsd;cvnni;mean_hr;max_hr;min_hr;std_hr;lf;hf;lf_hf_ratio;lfnu;hfnu;total_power;vlf;alpha1;alpha2;sd1;sd2;ratio_sd2_sd1;sampen
835.9052924791087;74.76190848780038;41.45090421365027;29;8.07799442896936;145;40.389972144846794;41.451054801224046;840.0;696.0;0.049588219113064186;0.08943825234803005;72.5913344972435;163.04347826086956;56.390977443609025;9.678150243198319;1177.4009784555294;574.5220812389668;2.0493572256029635;67.20620360239147;32.79379639760853;2488.8332764921333;736.910216797637;1.54511811288083;0.8173566260494924;72.70549483091497;132.4321727906788;1.8214878132480237;0.7771886115299864
