mean_nni;sdnn;sdsd;nni_50;pnni_50;nni_20;pnni_20;rmssd;median_nni;range_nni;cvsd;cvnni;mean_hr;max_hr;min_hr;std_hr;lf;hf;lf_hf_ratio;lfnu;hfnu;total_power;vlf;alpha1;alpha2;sd1;sd2;ratio_sd2_sd1;sampen
663.7309417040359;69.4126840237493;65.95168094267383;211;47.309417040358746;348;78.02690582959642;65.95333726680715;655.9999999999999;472.00000000000006;0.09936757972663024;0.10457955123433299;91.35101791970006;127.1186440677966;63.5593220338983;9.253131487984165;1566.689300070698;1276.2439561098674;1.227578232649297;55.10819843078271;44.89180156921729;3623.042500279428;780.1092440988631;0.9975551883660686;0.5299581573511702;76.84334404646471;80.41004801737549;1.046415262312818;2.2969512752757897
