mean_nni;sdnn;sdsd;nni_50;pnni_50;nni_20;pnni_20;rmssd;median_nni;range_nni;cvsd;cvnni;mean_hr;max_hr;min_hr;std_hr;lf;hf;lf_hf_ratio;lfnu;hfnu;total_power;vlf;alpha1;alpha2;sd1;sd2;ratio_sd2_sd1;sampen
803.2186397984888;217.56176445326335;107.37639962206009;130;32.7455919395466;180;45.340050377833755;107.37975191969134;927.9999999999999;736.0;0.13368682771932527;0.27086244476080035;83.57776827596626;197.3684210526316;57.69230769230769;33.9404940078184;11008.312778726719;4763.375288108542;2.311032012574835;69.79793622646532;30.202063773534665;17538.127702930793;1766.4396360955334;1.4407328440234553;1.1545155765587487;187.49315919085012;373.09655228728184;1.989920879766633;0.20319777261927596
