mean_nni;sdnn;sdsd;nni_50;pnni_50;nni_20;pnni_20;rmssd;median_nni;range_nni;cvsd;cvnni;mean_hr;max_hr;min_hr;std_hr;lf;hf;lf_hf_ratio;lfnu;hfnu;total_power;vlf;alpha1;alpha2;sd1;sd2;ratio_sd2_sd1;sampen
797.7008797653959;147.68796089506205;102.8314332673627;216;63.34310850439883;284;83.28445747800586;102.83144403514393;784.0;1335.9999999999998;0.12890977889530056;0.1851420308555973;77.42241211104998;115.38461538461539;32.327586206896555;12.767731610415378;5611.188569984257;2916.2265864750348;1.9241264022514573;65.80175196154171;34.19824803845829;11647.944966575244;3120.529810115951;1.3088453796325326;0.3381349464654979;185.97122579735426;155.26735549779406;0.8348998875072371;1.5571384130312513
