mean_nni;sdnn;sdsd;nni_50;pnni_50;nni_20;pnni_20;rmssd;median_nni;range_nni;cvsd;cvnni;mean_hr;max_hr;min_hr;std_hr;lf;hf;lf_hf_ratio;lfnu;hfnu;total_power;vlf;alpha1;alpha2;sd1;sd2;ratio_sd2_sd1;sampen
519.693671160517;199.20325301147815;128.44535802345115;264;43.70860927152318;401;66.3907284768212;128.4493154916586;476.33333333333337;1656.0;0.24716351693262134;0.38330898386089934;128.17897257059863;197.3684210526316;30.612244897959183;37.37439900115298;19195.15566407088;9751.001507383742;1.9685317092337387;66.31331250767984;33.686687492320175;38406.37015173334;9460.212980278713;1.0504184197286153;0.9825644854944723;277.92217411732355;314.47812726268984;1.1315330569123079;0.8629225808689343
