mean_nni;sdnn;sdsd;nni_50;pnni_50;nni_20;pnni_20;rmssd;median_nni;range_nni;cvsd;cvnni;mean_hr;max_hr;min_hr;std_hr;lf;hf;lf_hf_ratio;lfnu;hfnu;total_power;vlf;alpha1;alpha2;sd1;sd2;ratio_sd2_sd1;sampen
782.5483028720627;94.61225439480442;37.16152915949945;31;8.093994778067884;163;42.55874673629243;37.170049306464826;807.9999999999999;648.0000000000001;0.04749872841081566;0.12090276606257289;78.19417062349525;197.3684210526316;63.0252100840336;13.591745984454864;1284.7252521039482;473.7844126284282;2.7116241435142174;73.0576167916295;26.9423832083705;2996.110803094433;1237.6011383620566;1.3615669785248308;0.8759507966586005;30.927187228075855;133.97017697161456;4.331793123753451;0.7741883905630712
