mean_nni;sdnn;sdsd;nni_50;pnni_50;nni_20;pnni_20;rmssd;median_nni;range_nni;cvsd;cvnni;mean_hr;max_hr;min_hr;std_hr;lf;hf;lf_hf_ratio;lfnu;hfnu;total_power;vlf;alpha1;alpha2;sd1;sd2;ratio_sd2_sd1;sampen
736.09828009828;53.63395523984894;21.123621419695024;7;1.71990171990172;84;20.63882063882064;21.136199191343685;728.0;431.99999999999994;0.02871382770860664;0.07286249226487529;81.94707949270993;127.1186440677966;66.3716814159292;6.068963494510031;1011.5214996734628;101.35075161285528;9.98040452168844;90.89286739823834;9.107132601761665;1811.8849564891684;699.0127052028503;1.5003025869159612;0.8169156099653467;18.431595157629044;75.06953548452746;4.072872415139573;0.7676061698692458
