mean_nni;sdnn;sdsd;nni_50;pnni_50;nni_20;pnni_20;rmssd;median_nni;range_nni;cvsd;cvnni;mean_hr;max_hr;min_hr;std_hr;lf;hf;lf_hf_ratio;lfnu;hfnu;total_power;vlf;alpha1;alpha2;sd1;sd2;ratio_sd2_sd1;sampen
734.0541871921182;23.11297043171253;14.143518515150896;7;1.7241379310344827;19;4.679802955665025;14.143532308897921;736.0;187.9999999999999;0.01926769515885378;0.03148673604073231;81.82360479537064;102.04081632653062;77.31958762886599;2.739107399229612;87.97292508979983;47.88655132881582;1.8371113109759893;64.75288099796155;35.247119002038446;195.92644736643297;60.06697094781731;1.0650330807713053;1.2649142563621902;42.1802814317176;70.73884668750348;1.6770596185332982;0.35558030796297596
