lf;hf;lf_hf_ratio;lfnu;hfnu;total_power;vlf
69.18092100594224;86.95155374791725;0.7956260471952674;44.309117059090326;55.69088294090968;168.71979531041288;12.587320556553388
