sd1;sd2;ratio_sd2_sd1
55.42586352829867;82.36224757060015;1.4859894339498856
