mean_nni;sdnn;sdsd;nni_50;pnni_50;nni_20;pnni_20;rmssd;median_nni;range_nni;cvsd;cvnni;mean_hr;max_hr;min_hr;std_hr;lf;hf;lf_hf_ratio;lfnu;hfnu;total_power;vlf;alpha1;alpha2;sd1;sd2;ratio_sd2_sd1;sampen
820.5;35.072156759675934;29.43217436569959;15;4.201680672268908;20;5.602240896358543;29.432483201655472;824.0000000000001;526.0000000000002;0.03587139939263312;0.04274485893927597;73.24627925114963;95.84664536741214;52.08333333333332;2.8916654413915066;537.0334832295378;340.6545475162139;1.5764753095039101;61.187285734457674;38.81271426554233;1072.6386750910349;194.9506443452833;1.1724450536288475;0.406193880358107;312.6781252885429;241.68410215614784;0.7729485455150373;0.02737596730330314
