sd1;sd2;ratio_sd2_sd1
58.55226828452912;56.86205330860315;0.9711332280465629
