lf;hf;lf_hf_ratio;lfnu;hfnu;total_power;vlf
72.4428824580085;36.41963665554597;1.9891160129676064;66.54529313476877;33.45470686523123;155.64418245982966;46.78166334627518
