mean_nni;sdnn;sdsd;nni_50;pnni_50;nni_20;pnni_20;rmssd;median_nni;range_nni;cvsd;cvnni;mean_hr;max_hr;min_hr;std_hr;lf;hf;lf_hf_ratio;lfnu;hfnu;total_power;vlf;alpha1;alpha2;sd1;sd2;ratio_sd2_sd1;sampen
423.70045561434455;50.67191228960641;42.9032734020654;158;24.382716049382715;368;56.79012345679013;42.90385069079178;424.0;376.0;0.1012598644213949;0.11959371678308597;143.64370486136136;197.3684210526316;88.23529411764706;17.397605695557765;651.3962415087863;1040.7133903043102;0.6259131933704768;38.49610150914482;61.50389849085518;1823.470606849115;131.3609750360187;0.9497986348609222;0.4953717752597614;96.01965063897535;112.7713982397648;1.1744616595594002;1.293335571725962
