mean_nni;sdnn;sdsd;nni_50;pnni_50;nni_20;pnni_20;rmssd;median_nni;range_nni;cvsd;cvnni;mean_hr;max_hr;min_hr;std_hr;lf;hf;lf_hf_ratio;lfnu;hfnu;total_power;vlf;alpha1;alpha2;sd1;sd2;ratio_sd2_sd1;sampen
555.7163150492264;69.97896674583917;19.696455713956905;16;3.3755274261603376;57;12.025316455696203;19.70235316467328;576.0000000000001;320.0;0.035453976482457614;0.12592570138891873;110.67466275014098;197.3684210526316;96.15384615384616;21.599546121639847;305.19425538608664;84.68891877898038;3.60370943195741;78.27838583690068;21.721614163099318;795.3580351990691;405.47486103400223;0.89513904760316;1.1692475947025984;31.271577720217017;129.19668043569476;4.131441067399978;0.10297050908832708
