mean_nni;sdnn;sdsd;nni_50;pnni_50;nni_20;pnni_20;rmssd;median_nni;range_nni;cvsd;cvnni;mean_hr;max_hr;min_hr;std_hr;lf;hf;lf_hf_ratio;lfnu;hfnu;total_power;vlf;alpha1;alpha2;sd1;sd2;ratio_sd2_sd1;sampen
901.7704590818364;80.65571616530946;50.85958584423414;28;8.383233532934131;122;36.52694610778443;50.86576444583651;920.0;613.3333333333333;0.056406554388160994;0.08944151513615937;67.33060086816604;153.0612244897959;59.6816976127321;9.160235058656584;1136.6469497234957;829.5671033501662;1.3701687845783692;57.80891190085053;42.19108809914947;2723.0560663591145;756.8420132854525;1.0895987377518705;0.7987396719042903;88.72307681566804;175.6225248070636;1.9794458342775774;0.39201463105467893
