mean_nni;sdnn;sdsd;nni_50;pnni_50;nni_20;pnni_20;rmssd;median_nni;range_nni;cvsd;cvnni;mean_hr;max_hr;min_hr;std_hr;lf;hf;lf_hf_ratio;lfnu;hfnu;total_power;vlf;alpha1;alpha2;sd1;sd2;ratio_sd2_sd1;sampen
456.2590431738623;9.935189981377937;6.891459340227305;9;1.0501750291715286;10;1.1668611435239207;6.891459340227305;456.0;176.0;0.015104269040430267;0.021775327262044047;131.5861350489059;197.3684210526316;125.0;3.790101911741482;27.54564708446146;40.9022350090287;0.6734509025822446;40.24324236480829;59.756757635191704;72.93089583502558;4.483013741535419;1.244898974448926;0.6298384282749073;262.44913930612125;200.66729912885933;0.7645949979466328;0.004700315640710819
