mean_nni;sdnn;sdsd;nni_50;pnni_50;nni_20;pnni_20;rmssd;median_nni;range_nni;cvsd;cvnni;mean_hr;max_hr;min_hr;std_hr;lf;hf;lf_hf_ratio;lfnu;hfnu;total_power;vlf;alpha1;alpha2;sd1;sd2;ratio_sd2_sd1;sampen
802.798927613941;121.91392521011379;54.16023895265314;72;19.302949061662197;201;53.88739946380697;54.16382953694769;807.9999999999999;688.0;0.06746873678310965;0.15186109624294505;76.88885923271386;159.5744680851064;56.390977443609025;14.936410937996461;3238.4930830001417;1232.701427500355;2.627151239345189;72.43015429980993;27.569845700190054;6257.251586321265;1786.0570758207684;1.462094581729784;0.8008933150305725;72.63495954068559;192.2445266694069;2.646721742327446;0.8168148436621278
