mean_nni;sdnn;sdsd;nni_50;pnni_50;nni_20;pnni_20;rmssd;median_nni;range_nni;cvsd;cvnni;mean_hr;max_hr;min_hr;std_hr;lf;hf;lf_hf_ratio;lfnu;hfnu;total_power;vlf;alpha1;alpha2;sd1;sd2;ratio_sd2_sd1;sampen
789.6651982378854;29.35279419137229;15.877980572258524;4;1.7621145374449338;25;11.013215859030836;15.878966997898637;792.0;196.0000000000001;0.020108480193038878;0.03717118882391193;76.08860021723251;89.82035928143712;69.44444444444443;2.891042218997196;262.5079402252085;34.99853452002016;7.500540917650322;88.23604274495493;11.763957255045073;528.1834543909135;230.67697964568495;1.1278316123174201;0.8686526543460398;43.29750669607083;76.18628616429949;1.7595998471480865;0.6634451551110149
