mean_nni;sdnn;sdsd;nni_50;pnni_50;nni_20;pnni_20;rmssd;median_nni;range_nni;cvsd;cvnni;mean_hr;max_hr;min_hr;std_hr;lf;hf;lf_hf_ratio;lfnu;hfnu;total_power;vlf;alpha1;alpha2;sd1;sd2;ratio_sd2_sd1;sampen
1266.0744680851064;294.1098272175605;207.88131234236735;179;76.17021276595744;202;85.95744680851064;207.88419106460907;1296.0;1312.0;0.16419586391235474;0.23230057522792588;51.195282416525885;147.05882352941177;34.883720930232556;17.774799387032303;34217.47641945595;8526.427831927618;4.013108079250605;80.05229521902733;19.947704780972668;52838.364036678526;10094.459785294956;1.1230666711189803;0.6565994698476774;419.27151996422054;464.4013324354407;1.1076386311072868;1.6610925872989923
