mean_nni;sdnn;sdsd;nni_50;pnni_50;nni_20;pnni_20;rmssd;median_nni;range_nni;cvsd;cvnni;mean_hr;max_hr;min_hr;std_hr;lf;hf;lf_hf_ratio;lfnu;hfnu;total_power;vlf;alpha1;alpha2;sd1;sd2;ratio_sd2_sd1;sampen
624.6701570680628;82.67528804935309;65.37241040542405;15;3.926701570680628;34;8.900523560209423;65.37242389398054;616.0;1320.0;0.10465110771548781;0.1323503085810852;96.79593287542073;110.29411764705883;32.18884120171674;6.051976335973731;4611.872814962634;1208.331941427828;3.81672672619496;79.23901319620921;20.760986803790797;7391.690317050532;1571.4855606600702;1.174214950528533;0.43652415309600046;92.2586704532139;106.28419567696722;1.1520239252837046;0.18462547044967642
