alpha1;alpha2
1.0392021480392526;0.6408975790449376
