mean_nni;sdnn;sdsd;nni_50;pnni_50;nni_20;pnni_20;rmssd;median_nni;range_nni;cvsd;cvnni;mean_hr;max_hr;min_hr;std_hr
891.0742971887549;139.47525923105871;93.21072053271828;100;30.120481927710845;144;43.373493975903614;93.21072366620689;920.0;976.0;0.10460488419459169;0.15652483712198678;70.22770093601655;197.3684210526316;46.875;19.79364466201657
