mean_nni;sdnn;sdsd;nni_50;pnni_50;nni_20;pnni_20;rmssd;median_nni;range_nni;cvsd;cvnni;mean_hr;max_hr;min_hr;std_hr
860.2755775577558;176.09817019433504;124.90992923199411;165;54.45544554455446;231;76.23762376237623;124.90999040398086;895.9999999999999;1456.0;0.1451976478962578;0.2046997204015273;74.003473137065;192.30769230769232;33.93665158371041;22.925544965906827
