alpha1;alpha2
1.157247530215021;0.6981722524926376
