lf;hf;lf_hf_ratio;lfnu;hfnu;total_power;vlf
7330.779001908764;5326.054932437966;1.3763994353984532;57.91953216685018;42.08046783314982;18274.041394943168;5617.207460596438
