lf;hf;lf_hf_ratio;lfnu;hfnu;total_power;vlf
3347.680609807448;2604.1501040790004;1.285517530100827;56.246233650376574;43.753766349623426;7354.2903347322135;1402.4596208457644
