sd1;sd2;ratio_sd2_sd1
163.1790233039594;190.28651394444137;1.1661211722660447
