mean_nni;sdnn;sdsd;nni_50;pnni_50;nni_20;pnni_20;rmssd;median_nni;range_nni;cvsd;cvnni;mean_hr;max_hr;min_hr;std_hr
670.6202247191011;15.996960436052571;12.070572718507595;5;1.1235955056179776;9;2.0224719101123596;12.077079773515445;672.0;200.0;0.01800882127969538;0.023853978520783695;89.52737598722696;120.96774193548387;86.20689655172414;2.4526975171119023
