mean_nni;sdnn;sdsd;nni_50;pnni_50;nni_20;pnni_20;rmssd;median_nni;range_nni;cvsd;cvnni;mean_hr;max_hr;min_hr;std_hr
787.7388724035608;59.20366936754751;19.32776133639496;2;0.5934718100890207;92;27.299703264094955;19.34892638832843;792.0;384.0000000000001;0.02456261467621966;0.07515646547555077;76.612115070836;107.14285714285714;63.5593220338983;5.969662211744925
