mean_nni;sdnn;sdsd;nni_50;pnni_50;nni_20;pnni_20;rmssd;median_nni;range_nni;cvsd;cvnni;mean_hr;max_hr;min_hr;std_hr
520.6282642089094;129.04708646302922;66.76886842027096;48;22.119815668202765;121;55.76036866359447;66.77219656839141;512.0;1216.0;0.12825311485893154;0.24786799975048465;118.78669209529471;182.9268292682927;38.86010362694301;16.39599628047425
