mean_nni;sdnn;sdsd;nni_50;pnni_50;nni_20;pnni_20;rmssd;median_nni;range_nni;cvsd;cvnni;mean_hr;max_hr;min_hr;std_hr
733.0110576923076;290.3506829697387;46.73803524174996;52;12.5;130;31.25;46.75431573834274;968.0;688.0;0.06378391601013005;0.3961068252965125;101.00226836811316;197.3684210526316;60.483870967741936;48.973525324296524
