mean_nni;sdnn;sdsd;nni_50;pnni_50;nni_20;pnni_20;rmssd;median_nni;range_nni;cvsd;cvnni;mean_hr;max_hr;min_hr;std_hr
573.5483425414365;72.50917229218176;63.86929390247797;64;17.679558011049725;109;30.11049723756906;63.87484516517709;568.0;840.0000000000002;0.11136784892820505;0.1264220762471182;106.12024679393974;197.3684210526316;52.44755244755244;13.148342761025502
