mean_nni;sdnn;sdsd;nni_50;pnni_50;nni_20;pnni_20;rmssd;median_nni;range_nni;cvsd;cvnni;mean_hr;max_hr;min_hr;std_hr
452.70588235294116;5.3002945621307616;6.318531594678258;0;0.0;1;0.15082956259426847;6.3188204949286355;456.0;55.99999999999994;0.013957893504909929;0.011708031127367846;132.55475449449605;147.05882352941177;129.31034482758622;1.5713495471257772
