mean_nni;sdnn;sdsd;nni_50;pnni_50;nni_20;pnni_20;rmssd;median_nni;range_nni;cvsd;cvnni;mean_hr;max_hr;min_hr;std_hr
794.4436860068259;18.811458255788953;19.97243362011944;1;0.3412969283276451;117;39.93174061433447;19.97395564502909;792.0;95.99999999999989;0.025142066073211226;0.023678781249231708;75.56685136573464;80.64516129032256;71.42857142857143;1.7904736274172073
520.6282642089094;129.04708646302922;66.76886842027096;48;22.119815668202765;121;55.76036866359447;66.77219656839141;512.0;1216.0;0.12825311485893154;0.24786799975048465;118.78669209529471;182.9268292682927;38.86010362694301;16.39599628047425
573.5483425414365;72.50917229218176;63.86929390247797;64;17.679558011049725;109;30.11049723756906;63.87484516517709;568.0;840.0000000000002;0.11136784892820505;0.1264220762471182;106.12024679393974;197.3684210526316;52.44755244755244;13.148342761025502
787.7388724035608;59.20366936754751;19.32776133639496;2;0.5934718100890207;92;27.299703264094955;19.34892638832843;792.0;384.0000000000001;0.02456261467621966;0.07515646547555077;76.612115070836;107.14285714285714;63.5593220338983;5.969662211744925
452.70588235294116;5.3002945621307616;6.318531594678258;0;0.0;1;0.15082956259426847;6.3188204949286355;456.0;55.99999999999994;0.013957893504909929;0.011708031127367846;132.55475449449605;147.05882352941177;129.31034482758622;1.5713495471257772
