sd1;sd2;ratio_sd2_sd1
443.910631590706;537.0250883694825;1.2097594654246304
