sd1;sd2;ratio_sd2_sd1
43.42765245477156;26.308644742207605;0.605803980991309
