sd1;sd2;ratio_sd2_sd1
449.92443121667924;468.74986017642334;1.041841313015247
