sd1;sd2;ratio_sd2_sd1
2892.72513700828;3240.193521367817;1.1201180091098792
