sd1;sd2;ratio_sd2_sd1
59.95582000621379;84.956494534823;1.4169849486841835
