sd1;sd2;ratio_sd2_sd1
119.9088798363221;274.78886501822535;2.291647335821312
