sd1;sd2;ratio_sd2_sd1
32.32461973358968;183.0107857986787;5.661653170462686
