sd1;sd2;ratio_sd2_sd1
89.22908805114353;145.53794909754092;1.6310594703615346
