sd1;sd2;ratio_sd2_sd1
45.89552303972774;45.22944011767643;0.9854869739369843
