sd1;sd2;ratio_sd2_sd1
168.03191505936206;136.25383992506116;0.8108807179691168
