sd1;sd2;ratio_sd2_sd1
1768.7666932060133;1683.2043987572852;0.9516260144555071
