sd1;sd2;ratio_sd2_sd1
231.49469542048362;146.2092946572457;0.6315880992075142
