sd1;sd2;ratio_sd2_sd1
17.913967137600082;64.2190102368644;3.584856985813795
