sd1;sd2;ratio_sd2_sd1
131.88354312726787;140.92533127209802;1.0685588810432913
