sd1;sd2;ratio_sd2_sd1
61.815489134951456;103.1111835605171;1.6680476851911927
