sd1;sd2;ratio_sd2_sd1
144.39919492740142;142.3736809047837;0.9859728163745228
