sd1;sd2;ratio_sd2_sd1
263.37995562922976;287.24776704876115;1.0906212143688376
