sd1;sd2;ratio_sd2_sd1
26.661930762390732;61.70865230972146;2.31448550593221
