sd1;sd2;ratio_sd2_sd1
413.09919766745196;436.7248994193644;1.0571913523079057
