sd1;sd2;ratio_sd2_sd1
143.94725673972243;297.00001834114124;2.0632558415347955
