lf;hf;lf_hf_ratio;lfnu;hfnu;total_power;vlf
369.8795603626043;397.41341475768064;0.9307173503142443;48.20577958564263;51.79422041435737;841.3025345456481;74.0095594253632
