lf;hf;lf_hf_ratio;lfnu;hfnu;total_power;vlf
18747.600014966923;8715.15898659584;2.151148366174531;68.26553739156395;31.734462608436043;32159.063347564777;4696.304346002012
