lf;hf;lf_hf_ratio;lfnu;hfnu;total_power;vlf
665.7976223605174;740.9302006392555;0.8985969552679649;47.329526826357856;52.67047317364215;1630.193001853711;223.46517885393786
