lf;hf;lf_hf_ratio;lfnu;hfnu;total_power;vlf
56.39530627607274;111.55606730603317;0.5055332949427375;33.578353706349965;66.42164629365004;294.47059635493804;126.51922277283214
