lf;hf;lf_hf_ratio;lfnu;hfnu;total_power;vlf
1.8945928492393669;4.50874150502691;0.4202043623762945;29.587598342058747;70.41240165794125;10.118436955055646;3.7151026007893684
