lf;hf;lf_hf_ratio;lfnu;hfnu;total_power;vlf
134.22979657867035;177.97405108760458;0.7542099298093636;42.99428004556595;57.005719954434056;340.5591031286716;28.355255462396663
