lf;hf;lf_hf_ratio;lfnu;hfnu;total_power;vlf
192.83651943034747;1291.55345084972;0.14930587603902826;12.990960818332937;87.00903918166706;1553.3233815926058;68.93341131253823
