lf;hf;lf_hf_ratio;lfnu;hfnu;total_power;vlf
40618.01696724014;7990.601912540274;5.083223693511139;83.56134756203883;16.438652437961167;58948.0304627169;10339.411582936487
