lf;hf;lf_hf_ratio;lfnu;hfnu;total_power;vlf
52480.12775592445;13645.856247138572;3.8458654997870956;79.3638515133378;20.636148486662194;86662.31537119516;20536.331368132152
