lf;hf;lf_hf_ratio;lfnu;hfnu;total_power;vlf
42.75943372323129;79.084469475476;0.5406805407791342;35.09361781811742;64.90638218188258;128.95493362829387;7.11103042958658
