lf;hf;lf_hf_ratio;lfnu;hfnu;total_power;vlf
14419.765364145815;4780.760288991665;3.0162075679362625;75.10088851025564;24.899111489744346;21340.830686472662;2140.3050333351794
