lf;hf;lf_hf_ratio;lfnu;hfnu;total_power;vlf
875.4161560637639;918.953220558917;0.9526231983074466;48.78684218917351;51.21315781082648;3442.3081908200875;1647.9388141974066
