lf;hf;lf_hf_ratio;lfnu;hfnu;total_power;vlf
1546.7969134498212;1101.380902683793;1.404415956079009;58.4098584327004;41.5901415672996;3556.616545777059;908.4387296434445
