lf;hf;lf_hf_ratio;lfnu;hfnu;total_power;vlf
187.6797942786277;357.7723693679651;0.5245787834599407;34.408112532527866;65.59188746747213;574.9484701471772;29.49630650058444
