lf;hf;lf_hf_ratio;lfnu;hfnu;total_power;vlf
67.6580854906403;106.90709733024045;0.6328680431911988;38.75806412098996;61.24193587901004;188.8618854084735;14.296702587592765
