lf;hf;lf_hf_ratio;lfnu;hfnu;total_power;vlf
645.2529128267539;836.3131512190942;0.7715446204405232;43.5520850865538;56.4479149134462;1709.3855740132783;227.81950996743026
