lf;hf;lf_hf_ratio;lfnu;hfnu;total_power;vlf
14845.665549880536;5763.876143675399;2.575639236483321;72.03297273962374;27.96702726037626;25504.622931064958;4895.0812375090245
