lf;hf;lf_hf_ratio;lfnu;hfnu;total_power;vlf
73.71300765465628;138.63795725642433;0.5316942712760614;34.71281973478327;65.28718026521673;395.42300965022054;183.07204473913993
