lf;hf;lf_hf_ratio;lfnu;hfnu;total_power;vlf
6995.681935587239;5793.629900871151;1.2074782226830443;54.6994398529302;45.30056014706981;14590.715170309551;1801.4033338511613
