lf;hf;lf_hf_ratio;lfnu;hfnu;total_power;vlf
2112.648661151191;2801.3675217941036;0.7541490521022994;42.99230166321799;57.007698336782006;5481.728090674747;567.7119077294526
