lf;hf;lf_hf_ratio;lfnu;hfnu;total_power;vlf
66.62536472420713;21.135118748088676;3.1523534605279804;75.91727174707214;24.082728252927872;138.71823510564127;50.95775163334546
