lf;hf;lf_hf_ratio;lfnu;hfnu;total_power;vlf
662.8823882219946;301.5431614438738;2.1983001871039836;68.7333914423622;31.266608557637802;1204.8985142406095;240.47296457474127
