lf;hf;lf_hf_ratio;lfnu;hfnu;total_power;vlf
2629.5309453061172;2181.288192756824;1.2054945119300264;54.65869470131209;45.3413052986879;5486.707139601635;675.8880015386937
