lf;hf;lf_hf_ratio;lfnu;hfnu;total_power;vlf
486.4840948523298;593.4649466173626;0.8197351800223361;45.04694908477146;54.95305091522853;1369.674531750016;289.72549028032364
