lf;hf;lf_hf_ratio;lfnu;hfnu;total_power;vlf
6555.538405988348;3755.488636216575;1.7455886679483212;63.5779382514984;36.42206174850159;12873.13668314972;2562.109640944798
