lf;hf;lf_hf_ratio;lfnu;hfnu;total_power;vlf
34.2744485769422;19.922183617913163;1.7204162572883879;63.24091957174364;36.75908042825636;132.45006501013918;78.25343281528382
