lf;hf;lf_hf_ratio;lfnu;hfnu;total_power;vlf
72.4428824580085;36.41963665554597;1.9891160129676064;66.54529313476877;33.45470686523123;155.64418245982966;46.78166334627518
21240.24913632139;279.3228780751889;76.04192425156052;98.70200542144461;1.2979945785553826;31413.681469519426;9894.109455122847
980.428508590794;1657.3104040306082;0.5915780810923377;37.16927797135304;62.83072202864697;2951.5550874344417;313.81617481303954
877.985100141669;75.25424931938429;11.66691725825925;92.10541934070055;7.894580659299458;1857.5594849571573;904.3201354961041
1.3100471222595662;1.6881950827036198;0.7760045836418057;43.693839013104395;56.30616098689559;5.159336117620377;2.161093912657191
