lf;hf;lf_hf_ratio;lfnu;hfnu;total_power;vlf
28.911237646361794;28.701828136437932;1.0072960338598784;50.1817378636934;49.81826213630661;93.16218563605801;35.54911985325828
