lf;hf;lf_hf_ratio;lfnu;hfnu;total_power;vlf
877.985100141669;75.25424931938429;11.66691725825925;92.10541934070055;7.894580659299458;1857.5594849571573;904.3201354961041
