lf;hf;lf_hf_ratio;lfnu;hfnu;total_power;vlf
1783.6671660890054;1030.6887640978964;1.7305584655811674;63.3774551028644;36.6225448971356;5508.468830986363;2694.112900799461
