lf;hf;lf_hf_ratio;lfnu;hfnu;total_power;vlf
21240.24913632139;279.3228780751889;76.04192425156052;98.70200542144461;1.2979945785553826;31413.681469519426;9894.109455122847
