lf;hf;lf_hf_ratio;lfnu;hfnu;total_power;vlf
1.3100471222595662;1.6881950827036198;0.7760045836418057;43.693839013104395;56.30616098689559;5.159336117620377;2.161093912657191
