alpha1;alpha2
0.7794378714839452;0.7499184216239895
