alpha1;alpha2
0.4638855910241479;0.9080190731925172
