alpha1;alpha2
0.8943522079005399;0.7129469160450203
