alpha1;alpha2
0.8656449787367066;0.8797011637183451
