alpha1;alpha2
1.0993480263915016;0.5235785528113491
