alpha1;alpha2
0.9824125518400945;0.5360959445186991
