alpha1;alpha2
0.5503701080790596;1.3827284838912335
