alpha1;alpha2
0.2637541303274069;1.0559823209280026
