alpha1;alpha2
0.6387140104083512;1.0559842298005662
