alpha1;alpha2
1.296397108363619;0.5804441598627502
