alpha1;alpha2
0.9943471478560406;1.5499284884425537
