alpha1;alpha2
1.166573686510433;0.6733321045340269
