alpha1;alpha2
1.1076736679671153;0.556963970556057
