alpha1;alpha2
1.043126433864122;0.5618640954948538
