alpha1;alpha2
1.5420497386953127;0.05596414318545195
