alpha1;alpha2
0.718816090404944;0.4103017325610589
