alpha1;alpha2
1.0802979849676446;0.47778766723374094
