alpha1;alpha2
1.234557610605133;0.768871519140444
