alpha1;alpha2
1.2402685693492024;0.4927478902602776
