alpha1;alpha2
1.1500238486206575;0.6875668472999039
