alpha1;alpha2
1.1726703858801821;0.6390582431635446
