alpha1;alpha2
1.2695660706525806;0.7140333568063257
