alpha1;alpha2
0.6635554240773929;0.6615886785991816
