alpha1;alpha2
0.5094170698790667;0.9910283092176299
