alpha1;alpha2
1.1103867504625344;0.9036870365790097
