alpha1;alpha2
1.2321957245552178;0.4713984076032186
