alpha1;alpha2
1.3873137000545819;0.8493307295282978
