alpha1;alpha2
0.8688229496056622;0.6828726532779295
