mean_nni;sdnn;sdsd;nni_50;pnni_50;nni_20;pnni_20;rmssd;median_nni;range_nni;cvsd;cvnni;mean_hr;max_hr;min_hr;std_hr
671.784382910286;151.6227090205435;74.0443046129968;145;31.938325991189426;197;43.392070484581495;74.04750779588521;664.0;840.0000000000002;0.11022511043662345;0.22570144956881513;95.45149740638698;197.3684210526316;52.44755244755244;28.835363413151995
