mean_nni;sdnn;sdsd;nni_50;pnni_50;nni_20;pnni_20;rmssd;median_nni;range_nni;cvsd;cvnni;mean_hr;max_hr;min_hr;std_hr
974.5084745762712;196.6349999435639;175.7318246573001;32;54.23728813559322;48;81.35593220338983;175.73961930396757;992.0;1400.0;0.18033667627198566;0.20177864541307694;63.579876725496945;101.35135135135133;30.120481927710845;10.971597107533398
