mean_nni;sdnn;sdsd;nni_50;pnni_50;nni_20;pnni_20;rmssd;median_nni;range_nni;cvsd;cvnni;mean_hr;max_hr;min_hr;std_hr
647.1379436728396;314.2111485961228;193.95297109720588;78;65.0;96;80.0;193.95479154239126;569.8;1428.0;0.29971166648272607;0.4855396776965564;112.46832752474778;197.3684210526316;34.64203233256351;45.2348029317442
