mean_nni;sdnn;sdsd;nni_50;pnni_50;nni_20;pnni_20;rmssd;median_nni;range_nni;cvsd;cvnni;mean_hr;max_hr;min_hr;std_hr
631.7967032967033;80.17042721334424;67.87785364818083;21;5.769230769230769;24;6.593406593406593;67.8778679591344;624.0;1223.9999999999998;0.10743624904173917;0.1268927596409042;95.8821373983445;170.45454545454544;38.071065989847725;8.045923481487767
