mean_nni;sdnn;sdsd;nni_50;pnni_50;nni_20;pnni_20;rmssd;median_nni;range_nni;cvsd;cvnni;mean_hr;max_hr;min_hr;std_hr
992.4067796610169;27.183924313362997;32.612801492451645;27;11.440677966101696;128;54.23728813559322;32.61535991105509;992.0;192.0;0.03286491041727439;0.027391917175987445;60.504403103942344;65.21739130434783;53.9568345323741;1.6600721204899558
