mean_nni;sdnn;sdsd;nni_50;pnni_50;nni_20;pnni_20;rmssd;median_nni;range_nni;cvsd;cvnni;mean_hr;max_hr;min_hr;std_hr
731.5686274509804;55.32028872882197;48.50489171123489;49;12.009803921568627;50;12.254901960784315;48.51484739428145;736.0;688.0;0.06631619450839867;0.07561872755748915;82.60902256752959;178.57142857142858;58.59375;8.407176294372734
