mean_nni;sdnn;sdsd;nni_50;pnni_50;nni_20;pnni_20;rmssd;median_nni;range_nni;cvsd;cvnni;mean_hr;max_hr;min_hr;std_hr
509.44827586206895;34.52018405472538;42.532587136416986;107;23.060344827586206;305;65.73275862068965;42.53399098096602;504.0;295.9999999999999;0.08349030313036514;0.06775993891884635;118.3035722826885;166.66666666666666;91.46341463414636;7.878713062244167
