mean_nni;sdnn;sdsd;nni_50;pnni_50;nni_20;pnni_20;rmssd;median_nni;range_nni;cvsd;cvnni;mean_hr;max_hr;min_hr;std_hr
904.1081871345028;415.899883948459;245.676846336379;15;78.94736842105263;15;78.94736842105263;251.39919902464527;832.8888888888889;1280.0;0.2780631815993554;0.4600111909910027;82.17431086755475;166.66666666666666;36.58536585365854;37.911272229903865
