mean_nni;sdnn;sdsd;nni_50;pnni_50;nni_20;pnni_20;rmssd;median_nni;range_nni;cvsd;cvnni;mean_hr;max_hr;min_hr;std_hr
553.0814814814814;18.4831274818878;19.984109120995285;25;4.62962962962963;74;13.703703703703704;19.9858948405832;552.0;200.0;0.03613553429243206;0.03341845297799337;108.61867579502163;150.0;100.0;4.085774676656162
