mean_nni;sdnn;sdsd;nni_50;pnni_50;nni_20;pnni_20;rmssd;median_nni;range_nni;cvsd;cvnni;mean_hr;max_hr;min_hr;std_hr
830.9471032745591;146.46139120622382;138.12283947196272;202;50.8816120906801;206;51.88916876574307;138.1229872105277;784.0;808.0000000000002;0.1662235618443326;0.17625838110399006;74.59270226292851;159.5744680851064;50.67567567567566;14.60026784578695
