mean_nni;sdnn;sdsd;nni_50;pnni_50;nni_20;pnni_20;rmssd;median_nni;range_nni;cvsd;cvnni;mean_hr;max_hr;min_hr;std_hr
620.7537473233405;86.93768032063302;71.71537332106469;239;51.17773019271949;356;76.23126338329764;71.71665754869701;612.0;552.0000000000001;0.11553157408704451;0.14005180104913423;98.53347013557729;150.0;63.0252100840336;13.700013031318878
