mean_nni;sdnn;sdsd;nni_50;pnni_50;nni_20;pnni_20;rmssd;median_nni;range_nni;cvsd;cvnni;mean_hr;max_hr;min_hr;std_hr
562.3367346938776;46.13281282563815;31.522545533522205;46;11.73469387755102;82;20.918367346938776;31.522870897164783;568.0;520.0000000000001;0.056056929864852355;0.08203770086397028;107.55375391740368;197.3684210526316;72.81553398058252;10.891286455997932
