mean_nni;sdnn;sdsd;nni_50;pnni_50;nni_20;pnni_20;rmssd;median_nni;range_nni;cvsd;cvnni;mean_hr;max_hr;min_hr;std_hr
398.0845070422535;44.53854112370683;42.71172790557966;19;26.760563380281692;51;71.83098591549296;42.71188080504957;396.0;208.0;0.10729350188078543;0.1118821263721761;152.5839133642576;197.3684210526316;117.1875;16.920699451473656
