mean_nni;sdnn;sdsd;nni_50;pnni_50;nni_20;pnni_20;rmssd;median_nni;range_nni;cvsd;cvnni;mean_hr;max_hr;min_hr;std_hr
573.2814645308924;89.59606576008287;67.42243967405598;150;34.32494279176201;226;51.7162471395881;67.4440304823668;560.0;1056.0;0.11764558014718866;0.15628634676580372;106.45397769793797;197.3684210526316;44.11764705882353;12.715708203823846
