mean_nni;sdnn;sdsd;nni_50;pnni_50;nni_20;pnni_20;rmssd;median_nni;range_nni;cvsd;cvnni;mean_hr;max_hr;min_hr;std_hr
538.0966010733453;21.222442960243466;19.719287446586723;24;4.293381037567084;51;9.123434704830053;19.722810329966368;544.0;288.0000000000001;0.036652917507051956;0.03943983834484534;111.73729985528323;197.3684210526316;101.35135135135133;6.04306422695091
