mean_nni;sdnn;sdsd;nni_50;pnni_50;nni_20;pnni_20;rmssd;median_nni;range_nni;cvsd;cvnni;mean_hr;max_hr;min_hr;std_hr
714.4979591836735;103.77338268956252;63.576332179807686;20;8.16326530612245;24;9.795918367346939;63.6037940924189;696.0;992.0;0.08901886041086438;0.14523957886195427;85.13370253055494;150.0;43.10344827586207;8.663639622523943
