mean_nni;sdnn;sdsd;nni_50;pnni_50;nni_20;pnni_20;rmssd;median_nni;range_nni;cvsd;cvnni;mean_hr;max_hr;min_hr;std_hr
960.4102564102565;40.694117668230355;25.839225094790283;2;0.6410256410256411;2;0.6410256410256411;25.917008282746952;968.0;648.0000000000001;0.026985351426397134;0.04237159838372981;62.752585131072614;178.57142857142858;60.975609756097555;6.811863322963931
