mean_nni;sdnn;sdsd;nni_50;pnni_50;nni_20;pnni_20;rmssd;median_nni;range_nni;cvsd;cvnni;mean_hr;max_hr;min_hr;std_hr
762.3428571428572;17.649625145966628;10.127264086830417;2;0.7142857142857143;2;0.7142857142857143;10.148714981248071;768.0;191.9999999999999;0.01331253370600714;0.023151820707174572;78.7514152370096;101.35135135135133;76.53061224489795;2.032684282110256
