mean_nni;sdnn;sdsd;nni_50;pnni_50;nni_20;pnni_20;rmssd;median_nni;range_nni;cvsd;cvnni;mean_hr;max_hr;min_hr;std_hr
364.9598051157125;11.570972594870407;15.639836870089844;9;1.0962241169305724;119;14.494518879415347;15.639849041751656;368.0;160.00000000000006;0.04285362065226048;0.031704786205707686;164.5646574551052;192.30769230769232;127.1186440677966;5.18093478163911
