mean_nni;sdnn;sdsd;nni_50;pnni_50;nni_20;pnni_20;rmssd;median_nni;range_nni;cvsd;cvnni;mean_hr;max_hr;min_hr;std_hr
623.363184079602;86.00455048004716;51.869815522795214;102;25.37313432835821;154;38.308457711442784;51.87221334241225;664.0;488.00000000000006;0.08321346955868394;0.13796860750933373;98.74100178237944;182.92682926829272;73.52941176470588;18.497601728828393
