mean_nni;sdnn;sdsd;nni_50;pnni_50;nni_20;pnni_20;rmssd;median_nni;range_nni;cvsd;cvnni;mean_hr;max_hr;min_hr;std_hr
652.8424110384896;64.41666814408795;46.43191848576145;99;21.568627450980394;248;54.030501089324616;46.438870098143404;664.0;583.9999999999999;0.0711333536439095;0.09867108364117928;93.16716501950422;192.30769230769232;66.96428571428572;13.2634214430003
