mean_nni;sdnn;sdsd;nni_50;pnni_50;nni_20;pnni_20;rmssd;median_nni;range_nni;cvsd;cvnni;mean_hr;max_hr;min_hr;std_hr
809.4646258503402;170.53463055623328;89.60046221831189;53;21.632653061224488;91;37.142857142857146;89.60051620696018;880.0;880.0;0.110691083149971;0.210675828331704;80.17074141882159;192.30769230769232;50.33557046979866;29.769717399578482
