mean_nni;sdnn;sdsd;nni_50;pnni_50;nni_20;pnni_20;rmssd;median_nni;range_nni;cvsd;cvnni;mean_hr;max_hr;min_hr;std_hr
967.2836879432624;37.376001633326766;53.84425794291423;83;29.43262411347518;187;66.31205673758865;53.84437836813175;968.0;348.0;0.055665549868437435;0.03864016534053153;62.121182803236934;71.09004739336493;50.33557046979866;2.389996709902277
