mean_nni;sdnn;sdsd;nni_50;pnni_50;nni_20;pnni_20;rmssd;median_nni;range_nni;cvsd;cvnni;mean_hr;max_hr;min_hr;std_hr
754.1684210526316;86.73164296817771;71.14827737515414;147;38.68421052631579;253;66.57894736842105;71.14828989984808;768.0;824.0;0.09434005444107929;0.11500301596707257;80.9240280027666;197.3684210526316;53.191489361702125;12.758119088702276
