mean_nni;sdnn;sdsd;nni_50;pnni_50;nni_20;pnni_20;rmssd;median_nni;range_nni;cvsd;cvnni;mean_hr;max_hr;min_hr;std_hr
467.11586452762924;16.63094516715882;19.494300579965444;21;3.7433155080213902;77;13.72549019607843;19.49505431788132;463.99999999999994;176.0;0.04173494372235823;0.03560346892516027;128.61330736379097;156.25;107.14285714285714;4.676340505773364
