mean_nni;sdnn;sdsd;nni_50;pnni_50;nni_20;pnni_20;rmssd;median_nni;range_nni;cvsd;cvnni;mean_hr;max_hr;min_hr;std_hr
747.4315789473684;80.8478361795453;31.050971363106086;2;0.5263157894736842;45;11.842105263157896;31.13609584356951;744.0000000000001;888.0;0.041657452963680584;0.10816754129308515;80.78524921582853;86.20689655172414;37.878787878787875;4.925112827864535
