mean_nni;sdnn;sdsd;nni_50;pnni_50;nni_20;pnni_20;rmssd;median_nni;range_nni;cvsd;cvnni;mean_hr;max_hr;min_hr;std_hr
680.6582278481013;95.28027294358381;40.44551370948568;14;17.72151898734177;33;41.77215189873418;40.696500196025795;696.0;479.99999999999994;0.05978991883296209;0.13998254784168565;91.1483729827118;182.92682926829272;74.25742574257427;22.01628133269671
