mean_nni;sdnn;sdsd;nni_50;pnni_50;nni_20;pnni_20;rmssd;median_nni;range_nni;cvsd;cvnni;mean_hr;max_hr;min_hr;std_hr
830.2714681440443;45.19419198555779;32.329659966975335;7;1.9390581717451523;9;2.4930747922437675;32.353601894619956;840.0;544.0;0.03896749814484401;0.05443303030342964;72.6858939432218;182.92682926829272;68.80733944954129;8.036155613183503
