mean_nni;sdnn;sdsd;nni_50;pnni_50;nni_20;pnni_20;rmssd;median_nni;range_nni;cvsd;cvnni;mean_hr;max_hr;min_hr;std_hr
601.1702127659574;20.109374688304186;10.85820562217041;6;1.5957446808510638;7;1.8617021276595744;10.867443734997348;600.0;207.99999999999994;0.01807714937338083;0.03345038436914871;99.9289811092802;138.88888888888886;93.75;3.7380011126774186
