mean_nni;sdnn;sdsd;nni_50;pnni_50;nni_20;pnni_20;rmssd;median_nni;range_nni;cvsd;cvnni;mean_hr;max_hr;min_hr;std_hr
582.4418367346939;53.54966543367501;35.54858654463629;50;12.755102040816327;67;17.091836734693878;35.552878700030064;592.0000000000001;520.0000000000001;0.06104107991168333;0.09193993641302803;104.121623467607;192.30769230769232;72.1153846153846;12.506942134487568
