mean_nni;sdnn;sdsd;nni_50;pnni_50;nni_20;pnni_20;rmssd;median_nni;range_nni;cvsd;cvnni;mean_hr;max_hr;min_hr;std_hr
535.5932203389831;113.29472073467134;75.49680088662134;20;33.898305084745765;37;62.71186440677966;75.5376133756075;488.0;576.0;0.14103541737850767;0.2115312823843547;115.97132402377228;141.50943396226415;60.0;19.37641830156003
